"","Field","Count","percentage"
"1","Experiment",479,84.0350877192982
"2","Theory",67,11.7543859649123
"3","Other",24,4.21052631578947
