"","Field","Count","percentage"
"1","Experiment",479,84.182776801406
"2","Theory",67,11.7750439367311
"3","Other",23,4.04217926186292
