"","Gender","Count","percentage"
"1","Male",451,79.261862917399
"2","Female",101,17.7504393673111
"3","Prefer not to say",17,2.98769771528998
