"","Gender","Count","percentage"
"1","Male",451,79.1228070175439
"2","Female",102,17.8947368421053
"3","Prefer not to say",17,2.98245614035088
